,Class 0,Class 1,Class 2,Class 3,Class 4,Accuracy,AUC,G-mean,Avg_Pfm,Training Time,Res_time
MLP-ROS-roc_auc,0.5142386696275361,0.47646714188067574,0.11647695877997569,0.34591194968553457,0.6371681415929203,0.4900301097003769,0.6878486772066229,0.36285362462548654,0.5135774705108288,1464.028,0.5745601654052734
MLP-ROS-pr_auc,0.47119460987180783,0.4858412264427302,0.16465907835119903,0.2672955974842767,0.6873156342182891,0.4568515360158339,0.689301251561072,0.3699011464935462,0.5053513113568174,1270.911,0.5745601654052734
