,Class 0,Class 1,Class 2,Class 3,Class 4,Accuracy,AUC,G-mean,Avg_Pfm,Training Time,Res_time
MLP-ROS-roc_auc,0.5142386696275361,0.47646714188067574,0.11647695877997569,0.34591194968553457,0.6371681415929203,0.4900301097003769,0.6878486772066229,0.36285362462548654,0.5135774705108288,1464.028,0.5745601654052734
MLP-ROS-pr_auc,0.47119460987180783,0.4858412264427302,0.16465907835119903,0.2672955974842767,0.6873156342182891,0.4568515360158339,0.689301251561072,0.3699011464935462,0.5053513113568174,1270.911,0.5745601654052734
MLP-ROS-RUS-roc_auc,0.5107941354597759,0.380041011619959,0.23262238921427783,0.3,0.6873156342182891,0.4819973469774493,0.7004745292225094,0.3924651256223993,0.5249790006074527,568.9,66.32789158821106
MLP-ROS-RUS-pr_auc,0.506346522660745,0.4384337467044234,0.1207868272737319,0.30754716981132074,0.7345132743362832,0.4794022276967132,0.6816010160392489,0.36012772111688146,0.5070436549509478,225.046,66.32789158821106
MLP-SMOTE-RUS-roc_auc,0.5496997072776825,0.3457181915828532,0.1883081003425793,0.31383647798742137,0.7138643067846607,0.5088118249005117,0.7082445645451896,0.3808966612910934,0.5326510169122649,220.972,66.47802186012268
MLP-SMOTE-RUS-pr_auc,0.49936913293630764,0.4868665169417049,0.0976903525251409,0.259748427672956,0.7669616519174042,0.4773598214473712,0.6811838511132595,0.3427693423416729,0.5004376716341011,225.945,66.47802186012268
